name	address	city	state	zip
John Doe	123 Main St	Springfield	IL	62704
Jane Smith	456 Oak Ave	Oakville	TX	75001
Robert Johnson	789 Pine St	Pineville	CA	90210
Emily Davis	101 Elm St	Elmsworth	NY	12345
Michael Brown	222 Maple Dr	Mapleton	FL	33444
Amanda Wilson	333 Cedar Ln	Cedarville	OH	43123
David Miller	444 Birch Ave	Birchwood	PA	19001
Sarah Taylor	555 Redwood Rd	Redwood City	WA	98001
Christopher Lee	666 Spruce St	Spruceland	TX	75002
Olivia Harris	777 Pine Ln	Pinetown	CA	94501
Daniel Anderson	888 Oak Ct	Oakdale	IL	62901
Sophia White	999 Cedar Dr	Cedar City	FL	33601
Matthew Hall	111 Birch Ave	Birchfield	NY	14567
Emma Martin	222 Elm Ln	Elmtown	OH	43210
James Garcia	333 Maple Dr	Mapleville	PA	19123
Isabella Martinez	444 Redwood Rd	Redville	WA	98101
Liam Robinson	555 Spruce St	Sprucetown	TX	75003
Ella Young	666 Pine Ln	Pinewood	CA	94612
Alexander Moore	777 Oak Ct	Oakton	IL	62902
Grace Hill	888 Cedar Dr	Cedartown	FL	33777
Ethan Turner	999 Birch Ave	Birchville	NY	14678
Mia Rodriguez	111 Elm Ln	Elmsville	OH	43321
Logan Lewis	222 Maple Dr	Maplewood	PA	19345
Ava Turner	333 Redwood Rd	Redtown	WA	98234
Lucas Wright	444 Spruce St	Spruceville	TX	75004
Chloe Scott	555 Pine Ln	Pinetown	CA	94789
Jackson Perez	666 Oak Ct	Oakwood	IL	62903
Sophie Adams	777 Cedar Dr	Cedarville	FL	33888
Aiden Cook	888 Birch Ave	Birchfield	NY	14987
Harper Powell	999 Elm Ln	Elmvale	OH	43432
